year,yield,temperature,rainfall
2018,6.755825458494689,25.03058939705082,1005.0859135444585
2019,6.7869532975452875,24.699787118283098,1023.3475739011277
2020,6.760193331136253,24.39809410522939,1007.4265905543064
2021,6.631049870583629,25.230407226171508,958.8931379857731
2022,6.711916151145172,25.367873337150584,1015.4311968158631
2023,6.663561404123407,24.770628372335977,978.4997474434924
2024,6.666216601803935,25.03626397478449,973.2474863534242
